{
  "test_loss": 0.48141664266586304,
  "test_mae": 0.3042892813682556
}