{
  "test_loss": 0.13303501904010773,
  "test_mae": 0.22397735714912415
}