{
  "test_loss": 0.3842701315879822,
  "test_mae": 0.28247180581092834
}