{
  "test_loss": 0.11748004704713821,
  "test_mae": 0.22923746705055237
}