{
  "test_loss": 0.11933174729347229,
  "test_mae": 0.22710734605789185
}