{
  "test_loss": 0.09395959228277206,
  "test_mae": 0.19755114614963531
}