{
  "test_loss": 0.11877946555614471,
  "test_mae": 0.23267872631549835
}