{
  "test_loss": 0.4182581901550293,
  "test_mae": 0.33865585923194885
}