{
  "test_loss": 0.11027953773736954,
  "test_mae": 0.20560990273952484
}