{
  "test_loss": 0.391212522983551,
  "test_mae": 0.3198871314525604
}