{
  "test_loss": 0.1170140728354454,
  "test_mae": 0.22775836288928986
}