{
  "test_loss": 0.10614122450351715,
  "test_mae": 0.19806163012981415
}