{
  "mae": 29.523916378361314,
  "rmse": 44.23237150978256,
  "r2": 0.7387412660275946
}