{
  "mae": 679.2571248166464,
  "rmse": 4185.440745108046,
  "r2": -12.230147177400776
}