{
    "test_mae": 0.18615042715679997,
    "test_loss": 2.7043068497578373,
    "test_r2": 0.010305001504460676
}