{
    "mae": 0.7439130361717604,
    "mse": 54.095807011106906,
    "r2": 0.19770029764529073
}