{
  "test_loss": 0.5127267837524414,
  "test_mae": 0.35028207302093506,
  "training_time_seconds": 731.0406715869904,
  "epochs_trained": 10,
  "final_learning_rate": 0.002,
  "timestamp": "2025-05-08 18:25:08"
}