{
  "test_loss": 0.3903562128543854,
  "test_mae": 0.3085952401161194
}